{
  "raw_char_count": 7923,
  "cleaned_char_count": 7767,
  "reduction_ratio": 0.019689511548655836,
  "timestamp": "2025-09-19T01:21:58.215649"
}