{
  "raw_char_count": 2625,
  "cleaned_char_count": 2608,
  "reduction_ratio": 0.006476190476190524,
  "timestamp": "2025-09-19T02:53:22.347724"
}